order_id,customer_id,order_status,payment_value,payment_value_clp
fe87d4b944748f63ca5ed22cc55b6fb6,d992eb012e1599214218191d39c99693,unavailable,173.68,30415.362640000003
4a42846a6eed9d15714fe30181399f2a,85a7452fba73610a36dfad568e8ee016,unavailable,34.37,6018.977510000001
6ad57aecbae806a7e9cc2cdb6b380711,d31dbd02ac052d662285f678f8994326,unavailable,161.47,28277.110810000002
98fe01bc254b759c1f2c11d77c2891d5,30f3b26a06e5a67682305298f83e6be3,unavailable,150.0,26268.450000000004
52267d8c7f4a0227294efd0ef23fcefb,142fa91f4a5dddcf7df5f761f310fd61,unavailable,37.68,6598.63464
2015fdddda0f27eaf4ebdf451d70a41e,1480b09f03509b43490678fedbfcf39d,unavailable,79.19,13867.990370000001
ee234bfd26ca588915483995d811c1d0,b0232f62bd310b605fc9ba834860ce2c,unavailable,619.86,108551.74278000002
fcfe1ea18aae8ae4a08253fd4060a763,7708775efe2bcb20a0da522027356ba2,unavailable,82.97,14529.955310000001
629a524cbbd0a42a04f87ad39648d4ca,113ccf9504bda6180e498d862b8e9815,unavailable,194.78,34110.45794000001
ee0db22a8e742b752914016708470ec8,aae50600d30bf2efe013ca4c1754ded7,unavailable,167.82,29389.141860000003
0cafd6a7576a6aae0f891008a87f1546,c758396a502648cb2e77ef06e0807a00,unavailable,10.9,1908.8407000000002
2f5124f516a7f5e4095ef4325d67c511,2d2259e2fbd96d9aae631389a1d22cf6,unavailable,135.46,23722.161580000004
498081e5523106ea57b698fb881fb1c8,d894f02e84fea96e3008412ccaa861d5,unavailable,107.07,18750.41961
c24b8b41e6857d59a27f2b150bb669d9,b84ee32cfcdb1695b4638a90864e9f96,unavailable,93.41,16358.239430000001
a20244bef3bafb6f4d37e3603539336d,bdf1861e7bc387ae207eaf08463576b5,unavailable,1173.44,205496.33312000002
016706d732e79b49035275c048edb2c4,d92a41fae88c9a36d012a5fa35c51b09,unavailable,65.0,11382.995
08ee9c1b1da47ffd2a7c7163aa134b16,b8be9aabc886bf52d9361784b379ea49,unavailable,32.92,5765.0491600000005
5965bbd72c3ca0d9634419437ca53897,3dd8536c33d454b9a9d05ba357eeaaa9,unavailable,147.99,25916.452770000004
20ff9b4b339b20ef47cfcda736a17a52,96dfa7d4d4ac5b821ac90b04f7832ce6,unavailable,47.77,8365.625710000002
294b367987f073eb316ecef17f1078a0,b2faeb7f4e8636d79e2059983c5e6cd0,unavailable,75.06,13144.732380000001
8e4090f70c05cc129247bc0edc095dbd,a2db0e3981649a07f611233bbc0550ed,unavailable,108.11,18932.547530000003
ecae73914f65a01db35cc609281364ef,d19ac15829280ea8c8f870d7e2d49fb1,unavailable,154.63,27079.269490000002
c272bcd21c287498b4883c7512019702,9582c5bbecc65eb568e2c1d839b5cba1,unavailable,97.68,17106.01464
8d6342c5d498f0042ad00193ce3038c8,e4fc1c835dd07f06ef7dacbd5f81fcbe,unavailable,386.81,67739.32763000001
20085191cbcabee83a2016eb4a9fbf21,ee19ddfbb2f016e6e65d8c2f159a725c,unavailable,103.5,18125.2305
5e0eae0316373e1459c05b539e18f060,b4095692d39aec2b5531a339d0137a44,unavailable,27.68,4847.404640000001
3716cd16bc2a97768309209eb4d4c6a7,5b4681e924e266db4eaba48f9b3f2561,unavailable,142.02,24870.968460000004
d9bde3a634ec04252eceffc6bef25ee0,b08f0b7d2087f0649c16b1215d467d81,unavailable,76.02,13312.850460000001
48f2d0b950703bfb145b7c3c0641b4bb,ce68dcdb0fbc1b4172d23c2427cc635e,unavailable,8.88,1555.0922400000004
d785a3d0046f381b43dd7b218998b06a,37c7462de8e76bf2b77641876c3c25e2,unavailable,671.58,117609.10434000002
b9eb04083d9367fcd3523d0125406023,f8bc863d8da439189f1a3c7f93e30a9a,unavailable,165.41,28967.09543
f889a5a0b44adc29c5465b99395ac3c1,b78ba44ee52b74b9dbe30c8a533d23df,unavailable,59.69,10453.09187
54bb06e1ca86bd99ee2a8d6288bf4ede,98bfbf477ed9f40a0264f5e527a446be,unavailable,90.23,15801.348290000002
084d2c70d33f8b9a1e21393471844591,65b3d39ada427bd2eb9747ba626036a9,unavailable,55.59,9735.087570000002
8ab4ca9525e1f61c67972a13885d3b96,52789ab6f6e6f472133760c866d6fe58,unavailable,123.94,21704.74462
0d2c1a413f6aa3a36b8bb940b028f930,2c5f389b555d4b71b509d8696f18b86f,unavailable,175.26,30692.05698
ee8e24472be0999597648d72577ae895,44b48c6caacf57318845ebda905fc24b,unavailable,51.68,9050.356640000002
05da04fd9f94dfb49fd643216d2cbe1f,8dc1b1a511cd62c200c437fb43d2246e,unavailable,277.28,48558.10544
b90cc9e10252911c2092a1e49794aa13,6e1a602109cbb0df79760cab3a663991,unavailable,87.82,15379.30186
870a3cfbe4dab0f499a636a9fdeef87d,afb7c64474a22bed93447022809af886,unavailable,96.18,16843.330140000002
4748c7d66bbedbf52de84b3bc4cbc482,59e42a0f4ed79508f022aca1f2f87e25,unavailable,150.66,26384.03118
5837a2c844decae8a778657425f6d664,31dd055624c66f291578297a551a6cdf,unavailable,25.59,4481.39757
ec60e48662eb9eaf9ae685a3afa56518,4933b985cf353d4c50490efd77de63c8,unavailable,90.3,15813.6069
4ffaf2cdcc432ea3cd8ae0ab7a789cb0,d505c458ae00e3745b5fe126f21c4e25,unavailable,148.8,26058.302400000004
bd51fae4e79d90bca958267d6e6bee30,6804cebe528d82cfccaad1143fefbd38,unavailable,145.06,25403.342380000002
bd7585a77f0aa76b3775bb68fb293356,7eb5555aea491d47d05d05d3f6f99be6,unavailable,30.81,5395.53963
91427fef1ca1431d3d86d7bcd0b51ebc,7c76a5b5aa012d92c8ae66e6f6311db4,unavailable,248.8,43570.6024
6dd0cc64fed627388bf95943af884f70,4a31da2ba757502ad7fcc9dc6768cfa5,unavailable,48.0,8405.904
46ac809c6b319398df696f5668806fee,8059f4ffe7ad8b008c7180d4ef488528,unavailable,93.39,16354.736970000002
2f634e2cebf8c0283e7ef0989f77d217,7353b0fb8e8d9675e3a704c60ca44ebe,unavailable,615.53,107793.46019000001
85fc293d3e0bf416c547c15d991e096a,842ebaefba675d1067f4722118378ab6,unavailable,516.32,90419.50736000002
8ac55ad4ce4706e06f7284f61746503a,c60514fbcdb1a7f647f66e5ed07f59b1,unavailable,1272.51,222845.76873
489b43fc6f7840318ee5d83ee35b86c1,2e6ba659dcf054ba8087f739effcab5e,unavailable,70.16,12286.62968
3438960569bf3e42fa63f8e7bab0ac03,521896033ed628472193e3adccf722e4,unavailable,113.58,19890.470340000003
feae5ecdf2cc16c1007741be785fe3cd,ca05f8b53b1ad2a64bf34baa8aa7f4f6,unavailable,68.53,12001.17919
2ff205d5135b1c7763c6561d2643df51,d3b8c571c1ae50697f890412fe925ccb,unavailable,380.66,66662.32118000001
897b4da63b6edde1a33a9fb7caf1dd10,7adb5b6a71b330eb4b3027a470fe74b5,unavailable,14.0,2451.722
342505ef4323f0572eda009be6080f6c,8ec1bda3f9fef32836852019c97f58e4,unavailable,88.65,15524.653950000004
d49363a0cc2a1915a5a11f85ea08ea48,d60841504f6631c17720d8e2943a3c29,unavailable,102.66,17978.127180000003
574f906eedf477adaf3507222887d81f,45a730fd8d9383eb647641fed4b90354,unavailable,154.53,27061.757190000004
4317fe882d992cda2fb3d51baeb2751c,fe3a61bdb29c2b230185ba088ac71486,unavailable,117.43,20564.693890000002
6d97e3d5d9043bb4fa4f8fd0b4d9f230,b2ba171781b90a99f8256ea5f0d6cfd0,unavailable,38.68,6773.757640000001
2f30c0b1905c65a8ff6c6358bc909625,e963d0e4f815dcd28b135d7d340ec51a,unavailable,217.93,38164.55539000001
6111350dd1f8b825ac82e9caea339f07,d46ae795ce93d1cec2f41eea68a58982,unavailable,282.3,49437.22290000001
24cee263ae15271412b77854eb10b840,6b3203ddac95aee6732fc133bd4b6351,unavailable,607.43,106374.96389
03d1edbd314ca7682ec0f3e67d3763e2,963bc458a6c7f3148e1a756a4fc1e012,unavailable,74.03,12964.355690000002
e6152cd6ca627fc4f0f5deddea24f7c2,fc474e00b3af88a2abe3ca25204b59ea,unavailable,108.37,18978.079510000003
f63be24880200ae32aa24f5b458a3dc3,a6954f48f5d8a0dcbad1a0921109cb56,unavailable,147.99,25916.452770000004
b4ef4b05fef13db5a94b0ccd497c521c,046a5261421159f926af159485832725,unavailable,119.18,20871.159140000003
92a195ed387f8e7f9151eae7a7ec13f0,2d0bbea838dedd5022a15742a420cb8b,unavailable,291.63,51071.12049
52dfaf3e430903d40571c0eb44d324b5,c778549cf25c2a4fb1b3a5e1874c91e9,unavailable,123.44,21617.18312
adf5a3d223336c6b7965f3027bb7ddc2,6c40dd1882be5ee6caadaa356563ef0d,unavailable,75.44,13211.279120000001
cdf36cd4632fe33085adec5cf3d6b306,c442e46ad092c69ea8db9cbe7b8f6e14,unavailable,6.86,1201.3437800000002
05e8a1fd3d354369a3de6e7230a3651f,6fc1bac3e55ec9c69f1f65253026ffdb,unavailable,43.18,7561.811140000001
791d454dd290baaf30d599c6183d7489,556b350ff8b8954e863415703f9b58cd,unavailable,51.38,8997.81974
f8303e6eff198d1749d04649a1eb2bb6,4569e86ad4faba51cadc49ea1657ac3a,unavailable,40.51,7094.232730000001
6e7f938e1ebc4eb4b205b2ad66c5525d,d64eb944d3fef8d269de717e4bc2d56c,unavailable,402.06,70409.95338
aaab15da689073f8f9aa978a390a69d1,df20748206e4b865b2f14a5eabbfcf34,unavailable,210.09,36791.59107
50bb0c134ee3365dd06e13da6cda15fe,95cf2f1f5ef26bb509b276c5f7037646,unavailable,23.57,4127.64911
b2fc127731e4fc8f7bd2d2c1898e59ca,75d14995c7fd07f2b9b0410b42f7a155,unavailable,152.41,26690.496430000003
f05fbff4a434f4d0c1e09000bf45f06f,dc707154393bfd176a45a7bdd7e496a0,unavailable,84.92,14871.445160000001
1f5833c59dc618d2d3b9072f51195d16,b80bd8f1a8e34a499fadfc76d91ed42d,unavailable,136.04,23823.732920000002
8a20e2954602a0738f264299255fd5af,36ecc6ff2c4a59fd150e9524b12b9259,unavailable,46.78,8192.25394
a84212c880e5635e2a0888ba25c027c7,c9f3088ce9c367359bf7c688da45a639,unavailable,96.49,16897.618270000003
1c7c8ab324927f5b6e52338bd110bef4,95b1767df51d6fa09402267d8de314df,unavailable,824.0,144301.352
1770ee9dc600eccda7bfb6c56562b91d,c17bfc06e780f1956ebe2659b2a90caa,unavailable,120.38,21081.30674
2429083883078c31cf2337ce0dd425ee,5aa462ca54e8b4d65747f7987eb80e25,unavailable,331.69,58086.54787000001
ad9a8214948a5bbd4fa03af2ea598a20,921e7175793c295e163d9bd7c8b1c1ee,unavailable,340.2,59576.844600000004
9a31fd9d697e9670777501f720773fd9,c0a4ca941f313300f1694f4ab73b3651,unavailable,1191.5,208659.05450000003
8256266a3e79c5c11593977b92fe7b1a,74f388d7c1757feb7cfd8bc9efc7a78c,unavailable,0.84,147.10332
e9e56ab7d8e993bda2988ed430524126,e897805b8661b837d4f0ec8dc77106f2,unavailable,124.73,21843.091790000002
127f8f54e84665683a3c9bde5b3e768c,1396bd8f880391136e575e2176f68157,unavailable,94.21,16498.33783
484ce4bf2067023e5184d003c41eb07a,3e1e323e9d4c48ff9556143e9a32a3db,unavailable,74.44,13036.156120000001
9d4e334ddde795cd4fbee24dc4b68cfe,63531fc8d878fe9a0ac4fd07a4d8a7b1,unavailable,160.68,28138.763640000005
42202323e8e5319c107e361d55ad0de6,922122af0fe111255b865b3006695937,unavailable,73.71,12908.31633
e51a8e1d0f0a0cc6eae0b605b53cf9ed,2a7e297b30ff4a624ad2d5dda5b9484a,unavailable,131.01,22942.86423
81997644995458a01126899a96832353,956b08173d0a9611b85f9ec0034944e1,unavailable,162.45,28448.731350000002
9e99d220ca1057d22b317d36cf203620,60ff6e09a676bfa797f0ae3f1282ce4d,unavailable,160.76,28152.77348
cdf36cd4632fe33085adec5cf3d6b306,c442e46ad092c69ea8db9cbe7b8f6e14,unavailable,15.88,2780.9532400000003
f2a335c81aebf64a9a4309436e7af4a8,cca8b12b9e669afd8a28ff57fd5c5e75,unavailable,382.39,66965.28397
04b8c60eb3cceaecde917716daa30bde,a6a3ccd6981f76577a6cfcac362430b2,unavailable,61.05,10691.25915
6cf5c427fb11bc5fe8abefa86aa7ba0b,91ac14a1e50bc022eeecf0c2ba37006a,unavailable,131.78,23077.708940000004
8e96b092573364fa542b5c5fb3a9d9a3,dacbd51de638539d7336ad7b85a46cba,unavailable,718.88,125892.42224000001
e8df0b08b2d6162f2a109f931d0774b6,9d0d0f4397e1a7210fd1d0bca983843a,unavailable,236.03,41334.28169
2b3d870a4d670c91f15668cea4fe3aa5,a897d52db6440afe445137c35a4add64,unavailable,178.9,31329.504700000005
cfbf015b7e4efd77c1a2ee7e337aea60,edcf7a40177860129f595fbc4d202a91,unavailable,68.04,11915.368920000003
73628c6d02ed8f6134d9752cd7b83c2a,062e59339246c68be51348578038f24e,unavailable,226.23,39618.076290000005
32c75dfb830b25a968cfd39e54d315a3,08c93b091ea536bc40e8e9436c24f7cd,unavailable,104.63,18323.11949
0bde826daa0bd10393e958cf5d69dd26,dc9e4413d260758a6e889a0f87aefa7d,unavailable,29.96,5246.685080000001
8b08f0e729f58529ed03e763270f78d5,1761db2f0d235bbfa1c281093198af0c,unavailable,136.5,23904.289500000003
5d80dfb48f5c62fe1cbd194b1b6f57bd,925c3bfb7984d673dbd8f1bb68d0f950,unavailable,31.93,5591.677390000001
40fd591202d04d78c987cfc6990ad237,1f4eae24bba3f706b3f8db9a4cc8c950,unavailable,75.06,13144.732380000001
d9091cd1d6e36cfcebc8b01aab81eff8,f58997d56b1cf164d4fb0518c0574422,unavailable,171.34,30005.574820000005
fbb8b95a779702d51ecf6fa530a997d4,0c98695352c85d7b6f28a78dcbaff914,unavailable,51.69,9052.10787
dceb6ab566e0d15ffaba53ef637afa3c,c357638ad6b3773047a316462e992235,unavailable,80.33,14067.63059
b2e2410ac54dcb51230fd94aef5bcd2c,04776bfb2aee6d25a15f65b172c0d92c,unavailable,25.0,4378.075000000001
8db43b1e3642a3227063d2517b63ecbe,45938ba1c04f7c36fa58f04c3d6e1540,unavailable,74.96,13127.220080000001
79563470c891926bb9507d1ad1ff661d,27fc1e85ea154f4ad91805cf8ce1fb55,unavailable,172.85,30270.010550000003
32bc13d17332ed4f07e360611c146b87,b8348d16ccd9eaf1b07cd2faeaa12d76,unavailable,141.33,24750.133590000005
f5e0327c97a90df59977a815f6e4453c,e6c59c09cb529c3f49bf5aa8e345d2e8,unavailable,93.55,16382.756650000001
b7be5e58fd37e6165dbb39e8362c8446,021ed85d23b734289c4dd0c827a3559e,unavailable,91.76,16069.286480000002
edefc0fa09c98cc491e9d2cf95ee4a5f,42c7319a2945a3b2965f0adaf0c68a3b,unavailable,35.96,6297.4230800000005
df8c077268f7f3baaac0892eb3143642,5bfe800011656c0afb81db64519982db,unavailable,174.54,30565.96842
2867faaa7a912bbc2bf8d8e40d7a0354,c7da870eb04374fc25d71501117ab5f6,unavailable,138.35,24228.267050000002
3b4b5ec89dc09c7aedc74199be65fef7,9e6179dbe5933b2f9ed17280257f1c97,unavailable,143.07,25054.84761
309688f286ca9fb39735664ba1e37b29,be9e16f7c118e7f49f6399f01fb4a48c,unavailable,50.01,8757.901230000001
648637c544f762334d4ce9bbe88ebe21,9df7ac1b5662e707e172cdb698820360,unavailable,171.61,30052.858030000007
9f3458f0433d4cfa472f4682654b8d49,99ebfafde8b9e58fd12db9d5cc83132f,unavailable,78.18,13691.116140000002
2e935fa1d39497aa0ec3f1107fbfb5b8,ffffe8b65bbe3087b653a978c870db99,unavailable,18.37,3217.0095100000003
8298521946fcd8c9f8b984aad6176694,fc0f896db68de04d75532460d7c4b244,unavailable,124.73,21843.091790000002
9bc5c73ed95bec088ff04d924946fa45,5a134aeb2bc57fc5561108c40911a5e5,unavailable,427.9,74935.1317
a3b14686446d3401d67a3421891c34a3,756a1ff94dada665c9df2c5800d359d1,unavailable,55.8,9771.8634
2b0edc4c59d83dcef85466718c36a317,5effe9491d0f5a1c12ee4a384ec09bdf,unavailable,112.91,19773.13793
b4ec6d93789e37e779f86f3b7a9982e5,a79c3eb63791c42b3c065e2f942d84e5,unavailable,85.23,14925.733290000002
67b0f3d0a405fc007841f73f2792323b,f358737ffa6369c7c39875bb5ab81cd1,unavailable,23.29,4078.6146700000004
b635cbb9f7c2bc5de438f7429b8490e5,d80503003ba91d9d6803f8287544782e,unavailable,1147.97,201035.95031000001
bea39233e56405aa80613120fa0faae9,a8f9158b7618546f8c99e5c194a3366f,unavailable,94.06,16472.06938
20e297eefc937e9b79e2cf97e9faddf1,12d0b91f6599ad6bd2e1ce29f0b221f3,unavailable,93.39,16354.736970000002
fc8121263d345c1d739f85edda7be0cb,1f5656157ed9a977036dd1cdec2f74a4,unavailable,130.0,22765.99
31c6c41e2949f1a20c6f8e60ac17d4fe,86c608f34ba6e73337c7fb6bb4db336b,unavailable,1520.77,266321.80471
335f8f913a1d29120e07b6bb9847d73c,513f24c01c5b22fe1b97bb2ff08f1808,unavailable,92.76,16244.409480000002
7c496cea7613c2efe6033e93e573347f,2b629d0b742814e674442efd475d0c7c,unavailable,64.55,11304.18965
232674aa2334edfdd9c2dbe346291712,b8cbb2fa6090f51abb6076e2b26ca3ae,unavailable,40.77,7139.764710000001
0b398dbb3e7c81005f3c69b01488c4c9,d5a8b5d8ed21f5234e1278a477e751a9,unavailable,16.14,2826.4852200000005
9710f97e7fb3ccd742ef8b5270d8d78f,aa5ca611bf23e034bfd48685d4fe006f,unavailable,70.43,12333.912890000003
2982a4a9b9ff0bf9a4f5b88a45a6fa67,e64d794f227cf73be5dc344cd062a168,unavailable,163.52,28636.112960000006
6ec704c9a120baaa6b3e162255ec684b,ea493c4332b771f1c1cf1592c320f8c9,unavailable,11.01,1928.1042300000001
453d6f15ae1c7406d6ec6a5ee3909b82,d6e0e90d298a127a8f1c6793bc8df207,unavailable,77.19,13517.74437
0b398dbb3e7c81005f3c69b01488c4c9,d5a8b5d8ed21f5234e1278a477e751a9,unavailable,6.64,1162.81672
1ff6183537eb3a189de77b309ed28ad1,52ac1d5c2063338b5a45f69a14528c9b,unavailable,84.23,14750.610290000002
74f833bf7c70ce8c3f820f725c213e1c,fffc22669ca576ae3f654ea64c8f36be,unavailable,101.56,17785.49188
8603de8fb5551ed7faf81d2a31b8bf0e,0037d14e53af1d555a582504a4058f4c,unavailable,603.4,105669.2182
9566b36fbba7756a79b5d2cba4e058d9,6c60cba0b553924964bcbf588c7fec36,unavailable,85.52,14976.518960000001
9a8fb2a3a77dab1c301506cd5af2e845,bfdbe6cffc004496c3db4b194181d3d5,unavailable,154.36,27031.986280000005
dbe1de9b04777a1c1bf05fd0aeebde9a,f3d37b5276fc40a7fb3bea7ecdc628a8,unavailable,173.58,30397.850340000005
d8198b1933966d7baf7a7d758bdde142,24eab5309a4f60346c0fe93388afe166,unavailable,31.75,5560.155250000001
6ec704c9a120baaa6b3e162255ec684b,ea493c4332b771f1c1cf1592c320f8c9,unavailable,200.0,35024.600000000006
8076135356d195170fe9f8d5698182c4,791adb0cb24efdbc7bca8035528f4446,unavailable,75.68,13253.308640000003
a4f71a0d584883f990018a219bb7dfb4,ef21c78da6a79f7c34a9e2ca1c0ae880,unavailable,211.48,37035.01204
d200a7526c6d29e8c2742a0bff8cff14,ce976f549c104536bfe1468454154b35,unavailable,87.76,15368.794480000002
dc18a044b56ed174037ca164cdf2e921,4a06381959b6670756de02e07b83815f,unavailable,1227.78,215012.51694000003
bd443caeb1873dd616185acf5162d26c,07442d34d7859515951ba034f7e61a16,unavailable,48.13,8428.669990000002
ca9d82b594244464dddfac0959180268,f02b2fdb876bcf76b53082baed71b52e,unavailable,164.62,28828.748260000004
b87fe28d8d70119601f63b7b131e7af0,28c2bddfd0115acbff6e0f9419f5b2c2,unavailable,1520.77,266321.80471
ecb1a8e8b5c6316fe7891f7b556fee28,e14de304ff77ad69b22fc75b5e6c9e69,unavailable,86.78,15197.173940000002
735458a5d288ba55c03a10cb1b2dd481,5a2e937ebdd78eaa8cac5dc67b8b3a42,unavailable,640.89,112234.57947000001
1f0a1cc0dc294f24707a0167df26c94b,d13ba90c3d08f763d715657141f6fa63,unavailable,73.43,12859.281890000002
1800254c5ad71baad5c53866d4ed0ea0,f872eb3035d6adfa491660d3d0f8f86d,unavailable,299.98,52533.397540000005
75020ffff57f14ba95e2562980ae510f,8626b742980d50fcc8d6e699cc7720fd,unavailable,53.0,9281.519
d8a40a1358d3b2dca231abdaa566b054,83913bf92fd18aeb5d5763e3bc298d26,unavailable,94.12,16482.576760000004
115b01b1f77f0e02812425b6f5cd8f2f,3a33c0707eef44f18059500427d00c67,unavailable,213.59,37404.521570000004
85a22eb264ad44ff56c4955a66876fed,df45454de710054424258d3bc3f2ff63,unavailable,0.07,12.258610000000003
0b398dbb3e7c81005f3c69b01488c4c9,d5a8b5d8ed21f5234e1278a477e751a9,unavailable,24.8,4343.050400000001
410d704bdcbe2893fd5ad73fe8166f43,0424e2f81bdfb77d7c11c3f447c7b241,unavailable,213.91,37460.56093000001
bf3c691a76e2c8733340a8f7e251a0f1,dbc9104a798de0ff6af4de6a32c92f70,unavailable,112.42,19687.327660000003
793c05f561c41e8fb6599c92be8d0afd,c2aeac174bd1b011b11f03cad2a9179a,unavailable,132.97,23286.105310000003
36cde427894b4797db8316e92b8e58f2,8ad31d01d748351b17d65242d9222b31,unavailable,2116.01,370562.0192300001
52fd8c890356febe4f78b653ef130cd2,21c57ebcb87ee3234cd00d36f40cfa9c,unavailable,39.96,6997.915080000001
08ee9c1b1da47ffd2a7c7163aa134b16,b8be9aabc886bf52d9361784b379ea49,unavailable,50.0,8756.150000000001
e2a5a9157ae607d38cdb1593f74c0686,f81114079f5dbe4fd576d9f5a0c243fc,unavailable,107.96,18906.27908
61839bad7238b99a645d22f47028722c,07af2b5f94948733e7e9bf819c3d25ef,unavailable,91.66,16051.77418
35dc5c3a87f9e9cf93676b98d4bc35a2,be59c56551fe3cef6d7019c7ab1fddb0,unavailable,208.63,36535.911490000006
8256266a3e79c5c11593977b92fe7b1a,74f388d7c1757feb7cfd8bc9efc7a78c,unavailable,54.27,9503.925210000001
2c9c2c96702997c879d75f927b76165e,20e569f30c28c88ac2731a006e5bb3d8,unavailable,25.9,4535.6857
c224c9c2f8598269441c76eca7720448,e1c29e7ed268f22c955322c710a37174,unavailable,484.68,84878.61564
2c885b285dce307562d7f4caae89c6dc,1028ae318a4846d5f21db7dd749f2ee3,unavailable,2039.44,357152.85112000006
2f346d92b11fcc7c342b3392b174cf3b,d8312a2d5a108ccc4d43cf2cc7f5a10e,unavailable,74.7,13081.688100000001
86f0bcd9b426a2c1022ae317c7f27be6,dd24965dd5aa551df36ce4baf180445b,unavailable,177.59,31100.093570000005
60d7d8686099e4682199966963c66ae2,58efc48a0054d0f88fa75bb458a3ecc2,unavailable,105.85,18536.76955
8eeaa67e826a9308e63f4436bf00a8f2,e6b9210d8d6ab1404223c31b0fe6a7b9,unavailable,54.05,9465.39815
d5ab426a149bfee66ff88db9c6a8836a,fdb25d73ff1068cb0fe401c24cfaf002,unavailable,89.19,15619.220370000001
6e7e891760708803a2f4203981f2d69d,9bc1b48bb57b22ba2fbd77579dad8202,unavailable,148.98,26089.82454
cdf36cd4632fe33085adec5cf3d6b306,c442e46ad092c69ea8db9cbe7b8f6e14,unavailable,91.13,15958.958990000001
e58b8168894c93cf61d36c90775acd85,65a227fbf7d798cdeadee8c0bea74993,unavailable,87.04,15242.705920000002
30e0a586733725ef792f50d33720b961,6487f2dc75493ba7a83cc0de029e3209,unavailable,68.01,11910.115230000003
6a30e349ceba14fcd64f13c3fd62aed3,3a011cc7716b214b68664fa2a3283d79,unavailable,276.99,48507.31977000001
e804ad37d90d9c32dc3ae61e90a06345,eb18d64ac5fd600895682f2c78731b4d,unavailable,60.74,10636.97102
45daa18f4e3e34c727128f6a775fff95,3aecaefcdaecb42530fd1efe4becc883,unavailable,75.36,13197.26928
5ae7a6fa175ab7b180b6c0142e5466e9,bc7b861ebaf4366268881e14b4a52666,unavailable,105.14,18412.432220000002
24f686e03e134195c83dc3e2b6bf4cd0,8feae4bd81cd90e377f43588b900d3c2,unavailable,44.1,7722.9243000000015
baec85e7fa005a17b89b8bf93300cb5f,7857aa0e8336a02f2fc39c3489d90e2d,unavailable,16.95,2968.33485
dd1341091b6a6b619079944b4aa45eb7,dfff377396a4ab6e54d73dd479008d66,unavailable,33.68,5898.142640000001
82492ccd735c628d8a98d08d7ffbe501,5d0b5e5f627d234d7cce220a7a3df097,unavailable,68.53,12001.17919
ae60d8ce9aa713ec6cc02a1b15e6759e,6a8e32e45208a7e5bb55c5f84ef10e53,unavailable,120.49,21100.57027
32cf225a72e589313cd8d967203effc6,3da1df4d9cb694fc33051ca98d40415d,unavailable,47.27,8278.064210000002
a2621d414c9c28d85816bbc9f2e8980d,8a7ea5641aa689d62643a0519501dc39,unavailable,90.26,15806.601980000003
05c852fbe20c108caf9f479633cbe088,30dc58c87bd6ea55196ceaded4afcf91,unavailable,2345.03,410668.6886900001
e5882de2409ffb5a26782367e95b91ba,7d66a925cb032def39bd1476c0cfa518,unavailable,1384.73,242498.07179000002
cbc0f78d9e0d7cd99582cd7552cfd64f,fc605af68bba864d01d42be7edd4ec6e,unavailable,282.46,49465.24258
a0141c1141d9406b48466fe4d1492bf4,70f4e83e21c469871d23f680673f2195,unavailable,91.95,16102.559850000001
e744792a1abc89d92d36e086697eaf97,b3b41a1b2f4447baf0ff13137fb8d088,unavailable,465.88,81586.30324000001
7644fdc557b95c452791b3c1791efc08,23a6e39515e87e3a35453b2bba148e1c,unavailable,121.3,21242.4199
9b95554e4a79777fcb0168932c4a9522,84cf1452a953df8b88613e6faab1b40b,unavailable,1641.51,287466.15573000006
190cce77a8a1f436ff7bb2e684906449,788f18d093894d9e62d9470a250e6060,unavailable,75.44,13211.279120000001
1dbe2e0c5594a384eac781a7e46c6011,4cc6b852b4d5583946b78337536629b1,unavailable,72.08,12622.86584
dadc23575c27fa7a66ce0310807865ba,a38b8d3c68acd8a16eac71cd0bcc2369,unavailable,51.96,9099.391080000001
091deda616c370d63f0bf9a3f525fb34,0edf9134fdbeacc3596fa523a869ad04,unavailable,95.8,16776.7834
d57e15fb07fd180f06ab3926b39edcd2,470b93b3f1cde85550fc74cd3a476c78,unavailable,134.38,23533.02874
bcd65d5c97ac448bb3efc90b759909fd,b6ba3ad41b033a7f107aabad3dabff93,unavailable,69.16,12111.50668
1985dcd0eb8cb683615c1d2b8f324572,7043701548d462c834782d596ac13466,unavailable,822.78,144087.70194
e731304a0fda25d2138155bbfe558bd7,06b1a1aa298eda35cabb263be4848848,unavailable,65.23,11423.273290000003
91663de20f19686d62e4dbc0087fcf62,ab2920fe8377dfb7f685a6591e3300d4,unavailable,104.28,18261.82644
deb556fbebd4343315d9ab970392674c,66d925f87715f42b875f1a75953baeb9,unavailable,256.24,44873.51752000001
3859aef969659dcc5439967f8ffbbc07,8210d3d4c6ffbe4d7cbe7aa1f0e73f00,unavailable,114.95,20130.388850000003
bc99558709784e3ae0b9f8dbff8c06f0,d83753f7658bcc23859c5f1988cdf50f,unavailable,27.77,4863.16571
8c6e16dc21c114e69bdf0d21386241eb,cd7891263813d9cc6b26f232f73c1485,unavailable,294.9,51643.7727
7aec7711c4f60453a59bf2f85d18187f,a6d7a64b9eae7e071d6f4250a7dc25a8,unavailable,234.29,41029.567670000004
2c990009034e1fc83904584b26b5fd25,6e568303db60ca2bb3aec0b1f9183492,unavailable,2234.7,391347.3681
2dd5bcfb8c66b22a80ffe45078eb2a99,eb55392e91ca4fb066e8c3d099400dd1,unavailable,43.94,7694.90462
4b3b5fc7398939e35a47fe5a8c0be5cb,63eb182bd6f5c57d2a1320de259bff7a,unavailable,30.27,5300.97321
f1ee3463a2c0ddd328a63ac9db6af746,5645f6b97d3740bc2846f27af1fe973f,unavailable,95.43,16711.987890000004
cfce0ad0c924cecbe5fde10535420084,276efbef4c6f512a21a9cd9ccb4ecb31,unavailable,403.36,70637.61328
ea55dd40acfb6206bdf910b5e903ff77,b2e560f4f7541aebd3720c41ea3b2544,unavailable,130.56,22864.058880000004
2fa565240e8353e7a1ad78347f8608fa,a48e070eeacfcdb978ca3fc5c7f4557e,unavailable,101.92,17848.536160000003
b837d07aca063bfa379766bb6740fdf9,56252fddbb6af46b87f5a070d68afd95,unavailable,105.08,18401.924840000003
54b56f2389dee113344da742da7890c9,fa75f83a777070af732410d2c43a9749,unavailable,37.68,6598.63464
11c71300049cd2c9896b0be33f04d574,12b6d8d5e5a754c23495e232fc4c2a86,unavailable,188.45,33001.92935
80f0181edc2f4a5bd3384a3c39a83cee,9ce9e0d0045dd13cb96601552c819eb0,unavailable,61.19,10715.776370000001
d6f1fd48e3b9fbaa5ed2794838559afb,1258e0a6212e3969e7c1a9588a4d2d24,unavailable,128.1,22433.2563
9c2e92a11614b3b94ef257a4eb8540d7,158af3ad0742719d373724b762396918,unavailable,53.0,9281.519
59798edc300f7563a9bdf18b2740def9,be1abfd06882c0ee1d45b976da59a494,unavailable,30.0,5253.6900000000005
453cabc3a3d6d0d80bd08d9eefb6a607,c824fb40eed7462282da8b5511d4d6cb,unavailable,183.53,32140.324190000003
f62f01ec64c6b221f926ba560907d8f7,a35ef57cd99a99e77e58316ab0cc2927,unavailable,327.19,57298.49437000001
b3154d5a5a7c0b01993f0768a1fd4b8a,98889ba02d74de3748870fc81ad0a122,unavailable,72.9,12766.466700000003
c609f82bcf7a90292a5940205ebd7e93,b08064e24083fee8fbe8797902b07ecd,unavailable,117.78,20625.986940000003
90e258ad907d8401c4f1107ea9e55f1b,358a7b26ad67e3a183c191ed367e64b3,unavailable,130.91,22925.35193
295f0c892077fab482adb25cfc37aa79,f89b57f80359481e71b0cd3001268136,unavailable,92.99,16284.68777
a027b795d174ac4c8c7fd853838b5744,cf13a089ed6e356ea5195f21e3d5d7b3,unavailable,284.02,49738.434460000004
930f7f40db5f938e56fbc1bdcd1bb28b,ab3ac67d2fba82499b0d71c4d16f76c8,unavailable,114.35,20025.31505
a0c1b0545665f839199e53177bc639f7,866945c325644a98b1356b2b50663c05,unavailable,32.09,5619.697070000001
8e24261a7e58791d10cb1bf9da94df5c,64a254d30eed42cd0e6c36dddb88adf0,unavailable,84.0,14710.332000000002
c47e4de55f6735f7ddc4c6026769d569,d3f8f35f89101277e688d1965dca40b3,unavailable,61.19,10715.776370000001
1612081119e8f23745698ad3367cc14b,20d32833d8983a835cafcd54099631a0,unavailable,117.48,20573.450040000003
897b4da63b6edde1a33a9fb7caf1dd10,7adb5b6a71b330eb4b3027a470fe74b5,unavailable,330.48,57874.64904000001
65df8539acbce2e41ba3a4a3ce0a3470,88d5d9648c5efd116d642161d4920bad,unavailable,257.21,45043.38683
e5812a30b6ae5ceaae29fdb7920e7853,7fd75cde37763056447d7af53a56fe96,unavailable,53.48,9365.57804
f3e5a0592463640ef9fd04d79724dac9,0fd1a2fd6d21083ecb4e80c40cb7927f,unavailable,113.62,19897.475260000003
8ad27f298f11ab1248784468b3fa24e0,a5b99bf549cd3aebde88c53e7fb9f70a,unavailable,108.07,18925.54261
1e792fcdefb0bb34325cdc1dee84fcea,aaed1013b9b4c5ffea9394e093564a72,unavailable,113.45,19867.704350000004
9c77f06d1dbb94007e708e9aba680a03,b070b95287678d11201661cbff914baf,unavailable,91.66,16051.77418
0a5c74ccc786ced7903270de9d6c170a,c021456db05f8e71f0985bef8859b793,unavailable,75.07,13146.48361
53ec902459673efbbcb34dec981931d3,489a3ed6905c005864a69d534cba1aca,unavailable,61.11,10701.76653
b07abc8b9acaf00e79b4657419f469f3,15308b044c9608fc82e57f2e5d6878f6,unavailable,23.72,4153.91756
2ddc0120a9ee5d965a08b68f6a3e2885,5820efa64bd8d85cb4c4e67eeb40a6b9,unavailable,67.36,11796.285280000002
96e78a16640bdff7370dd73cb821fc01,950212a2b67caa64e9628f68a58b3314,unavailable,41.99,7353.414770000001
73745cfd1447d2cb71537b662d59b3b8,d853613c3c14bb1aec45a54f0b3b7e42,unavailable,106.87,18715.395010000004
b31a540b397cb096c3c5252eab692c9a,bc041b8a3da19925bf859950c7c438a0,unavailable,90.71,15885.40733
65959cbdb267c29a5cb0021a367df75c,80a988b23ea488add6a8c187cca076db,unavailable,24.52,4294.015960000001
a3beebf1efa956ba70cf01a80c483367,9da570dd0f573074ad3458b7ba281a62,unavailable,87.64,15347.779720000002
a327b5ecc65060cc462211724d715367,f63b5a41ad60764ade63d0cae2f8b5b2,unavailable,447.8,78420.07940000002
d7a2d4a7a03831ac687a53e339593570,65a785a36616bb42c2ccc8af733fc72c,unavailable,143.14,25067.10622
bf27902e7735a428c81f52189dec50e4,c1303e80c0dfcacc9bba320dbb7421d5,unavailable,141.33,24750.133590000005
ba6d92892febc6a5ca2dbae073427911,4e7e0377c75e401e33a8f26d03d4f47e,unavailable,67.36,11796.285280000002
463270aee6f932c94319683e66e7e59d,4a447c627d4ea252ae512ba273c6d5e2,unavailable,201.45,35278.52835
43c8d05a1478e794217ad3b39398022a,efe2a8ee5f67ebcbcc236b53ad3f4282,unavailable,474.56,83106.37088
d17cbd88da86748917f52864d1be98d0,bf3a896f3dd013f63ca58bb72b813fc5,unavailable,153.9,26951.429700000004
50503051a38d8ee049d1226032c7d82d,e75b06236ca6694bf68a0b398f2fa076,unavailable,107.78,18874.756940000003
37553832a3a89c9b2db59701c357ca67,7607cd563696c27ede287e515812d528,unavailable,132.46,23196.792580000005
269507123b136cce3d2f6c5915f11bad,3bf75513c108eb186f5161d5b1dd8492,unavailable,217.61,38108.516030000006
2ec030d65d7742d4afb8df93dd86ba76,37c4e0723167867a40efbaa01ce1c69a,unavailable,105.04,18394.919920000004
261e56a43de07e1b1bc9e8615c8e8aa9,d37b279f2460117555674ab42f173063,unavailable,87.01,15237.452230000003
84b8ba39037606b7b30a39d02e9e4154,7c2bf05f6902368e5d21040b68c2bbdb,unavailable,414.97,72670.79131000002
dd3346a58fc7d6db3cb6f403c325ead9,8b1b6d1842a05d2dc378dc957c69998f,unavailable,198.8,34814.45240000001
abfacef50a27d7cea3f2c7aa60c08245,5f2d32c9dc38e07a3f364d00b94ff674,unavailable,45.0,7880.535000000001
c9e893d2e32f6ca9988b30669eb71e5a,f56957527a53eaf4a716376e9fcbed7c,unavailable,39.96,6997.915080000001
2b25bdbc985fdd953cced7c3fdf0a2fe,fc97d833da914adb3fc0e265d67afb35,unavailable,663.72,116232.63756000002
33e13c48e5883f2a3ae2269bf57650c7,cef54c3ad569af033c4ecdaa69c9e140,unavailable,839.97,147098.06631000002
69647a30e77959dbf0000636927c27d6,b4f3d737d8ec2ad8a4e85fc6e578a4fc,unavailable,70.0,12258.61
f56dc9034c3962e36d49fb73baa12800,5c4795c07c0bd317adaf7406327bbfa9,unavailable,205.81,36042.06463
ac446e82125c862fbe4c638d69f807bb,259d52789dc5f2323c01238c73a28abc,unavailable,1620.77,283834.10471000004
a91fed0c79559403d648c1161a2d8500,d216a2192cf1da83e57ef65366823a04,unavailable,71.1,12451.2453
e3911e9d71dfe83390a806612556c49b,35097ec0bdc9c57a7be632bf203c3c0c,unavailable,43.6,7635.362800000001
ccbd198eb55e22f3b2240d1605961c5f,352289eecb0665692f1020c18c945378,unavailable,293.46,51391.59558
10e080f0e43ef41f43b9ff6da4451835,015b2612205bc9e481b7443591eb08fb,unavailable,37.51,6568.86373
73adddab7cd7e4f606280f98c137656a,b9f6e6bf653a8bcdae17201cca6f08d9,unavailable,45.69,8001.36987
0b398dbb3e7c81005f3c69b01488c4c9,d5a8b5d8ed21f5234e1278a477e751a9,unavailable,2.32,406.28536
92acd9b1e9af0117eee9aa972e0a4841,e9be7eb31a9fc54d1ae7abc6c3595ac3,unavailable,28.59,5006.766570000001
65f87722388463aa7d02023c8f5b11ab,92c2c5b759c20b4d91edd17b0b8572c7,unavailable,285.85,50058.90955000001
3ccf1aa4144993ddec8287ef8ee0a107,0c13fc247a33558383e51e9021100f94,unavailable,138.26,24212.50598
34cea4a1fdf5fefdf4d48d7dafe53911,42f02a31215fe880d602230d08406909,unavailable,54.69,9577.47687
ad0f5b61c49281e7ccac5a986968f347,2c0eaa1df8f0066e0d344cf609f8fc9b,unavailable,70.59,12361.932570000003
4ce5e2d15628c2277ca6ed81ee60f9de,fa8edf721f4091b4851977b761d62c1e,unavailable,130.94,22930.605620000002
ebcb685bc1704615fc22e5a0b73f2dc7,a4747f37f033452617ad330896f582c6,unavailable,367.56,64368.20988000001
3a40d639b7d8167f255bbb2b7372cddd,52701c28ce8192ff074de5576a1b9288,unavailable,21.95,3843.9498500000004
0130f0f71fb0e831d18e6a3b33a3a50c,e56f6dff7b8ac9813ddeb2312f0d834f,unavailable,52.77,9241.240710000002
569d43a54c364df5b367ab33e96eacf0,de67b8bed7fa293d54466d66bdaadc62,unavailable,61.73,10810.34279
752c0993c4993edea8eac33fda648244,a1bf5849a8b9f1535ddce758f6c0c41e,unavailable,24.77,4337.7967100000005
4603cc4d4654635e3c16a1ac226036f4,698b3c135274f6effb8ce299935872cd,unavailable,197.01,34500.98223
a144aa25d9d14f25ee9f3ec4118e5517,9353974c6d727e3739a8370ff655a774,unavailable,68.46,11988.92058
36be874974d3616f9a1a763d0ac1d655,43b2ae9283ff026230ccdeaa82986b62,unavailable,31.75,5560.155250000001
2e3c6e30c69763a7dfe40f11a19ed3da,9f33e47b96b9e034154df245350f37ee,unavailable,20.0,3502.4600000000005
04b8c60eb3cceaecde917716daa30bde,a6a3ccd6981f76577a6cfcac362430b2,unavailable,16.75,2933.3102500000005
3a0fbe8fbdae776394cd93385366a4fd,240316d3cc8d0622aa5a02aa0de18115,unavailable,1528.99,267761.31577000004
eb3c2af8fb549b98c453e7bfb641da91,9323fd17ec223b6127816f5a6b2e99bf,unavailable,127.92,22401.734160000004
2d31315ad8289e1e63c8451715e80306,d561b165e65a10cc1e1b0540793d9765,unavailable,192.66,33739.19718
43f15e122ae8ae3eda33bf64b011c085,a377b75fcc16c20ffde4af02215e7b07,unavailable,58.28,10206.168440000001
642b39405abba96bc0e134680e8ceb02,bffd28b4af20bc7b1a477fe80e190c77,unavailable,214.1,37493.8343
df5f65d2dec68b07404b0aa6f09aee32,2213b04ede603c2e8a992cade54e1967,unavailable,84.23,14750.610290000002
77b8e495f75bbdf52e3a29bc46188eef,470eae0a78a5e9efdbc04378b1c64fea,unavailable,35.0,6129.305
29380cfab5f9f5f233e2c71e16cadc68,a1774d98db8380cc69ef842c759be95f,unavailable,34.79,6092.529170000001
4bbe949608f669144f0db3f8cde75cd7,e23f90c411de6df260df42b05c1d4732,unavailable,213.52,37392.26296000001
95251874fe384d74df990ccb85bea4ab,ef872dc5ea12abe6c43728f4a6015a39,unavailable,162.27,28417.209210000005
01cb6d702e5233235f4125309d184bf4,cf52d3f2132b17f52fdf4b40c135163e,unavailable,94.21,16498.33783
858f8fbff9d717450f931fc6e9d15029,b159734fd8a05b497cb4907056824f6b,unavailable,69.85,12232.341550000001
c83eba0508195fff1529210cfe30385a,44cd1a0cef7c3280d33ebc8a30f2e86a,unavailable,35.0,6129.305
a6f980db92567852107fe54fa64726f2,f7e9bfeb793e02ca1a2fbadb9e1f4a69,unavailable,254.4,44551.29120000001
50428fc6ef58fd5cebf433ef7f06be0d,7dab920e35ce0d5b1139e8999423fcc1,unavailable,64.62,11316.448260000003
2c44ef48e157c9a43e9998da9a3248bd,1b38122bd6186b187d3af336471189e8,unavailable,107.03,18743.41469
ef3b75eae01e343f3d7c05e88a9cc496,d4b09113e561e6fc7d4f3de3c93ac50b,unavailable,33.01,5780.81023
a69ba794cc7deb415c3e15a0a3877e69,726f0894b5becdf952ea537d5266e543,unavailable,195.91,34308.34693
51375acfdef4d742df94640aa60d385b,7ce1d85a1d02f0b8e37e552259c8fb79,unavailable,1643.64,287839.16772
69fd1a4dd8b96b9ab0dc82b95be21efd,1a5c814c2a163354a550737c7c16be75,unavailable,101.88,17841.53124
7533138abe254f5d3856101e4a21e5f2,5164e21ce84142db5439f4ae25f579a5,unavailable,68.53,12001.17919
60260cf275316912451558bb743bbfc7,9bba7a44753204629a5884736b7d5c74,unavailable,70.41,12330.41043
4dd47e84e6b8ff4a63d0b8425e6d788e,96bbcbc8372c86da857d842dfda6bd72,unavailable,313.58,54915.070340000006
b210c676cae65f95f7e08a49d195e1a1,44cb55a7202fc9fccf83f653373bb000,unavailable,85.14,14909.972220000001
1a41f24ba682e06e82dd1ce5f77b6f5e,466417076987cafe57f66ad974bbab6b,unavailable,54.27,9503.925210000001
a91e25d9e242b0545cddf83a2bb46954,6ad24adeead1a2dcf21adc31df86824b,unavailable,108.38,18979.83074
af264f3527e94e431f0dcd56cd6b406d,8118922685d2e2c0205f060be4f2579c,unavailable,46.69,8176.49287
c774761f8e5fbbd73a64408df5698ea7,518ddb65d7023b1e0ca0b66f27533d26,unavailable,35.27,6176.588210000001
a3ef7e4271c9088cf2d3de8305ef2355,a4839648ce5d1a83c99e4383f58de2e1,unavailable,18.37,3217.0095100000003
869eb48662057e0341d47dae5334b693,792fa21ca8a787f90d1a3c274ec853e4,unavailable,74.46,13039.658580000001
a9cc8ce28b99a1cc075cb04ab19010c7,cfaa50273d7dd437aaa48b344de64ba5,unavailable,89.55,15682.264650000001
e55fa3385fa77f6be6a0041c5daf2fb6,dd03475bfbf54191e01fd42f57d342ef,unavailable,419.79,73514.88417
33f11b444d480cee508b54f3cf17b079,99ca4697c2a9ce3fad29f8d3baa229c2,unavailable,176.78,30958.243940000004
d2da7d77b85e86faeb4bcdcf929f27fb,5153e460d7b2eea2a10a0cf8329dff57,unavailable,144.31,25272.000130000004
876ac30251a0518e1fd87b6ec049df00,e77a1ae75eaa0ac5847dbc701aaa9f6d,unavailable,216.75,37957.91025
8c0ba0ee5bf1417ede40de0a3621f727,54ad906d580b519997fe18d8420acdd1,unavailable,368.39,64513.56197
9eb45b0aa6ff6baf71a20c68414f8089,86ebcb053082767a38cca1338ea45084,unavailable,10.49,1837.0402700000002
e7e4ea34d176d9efab560f0db16925fb,03c19066495ef91f92b31005d5c4cccc,unavailable,173.68,30415.362640000003
51b00c5a9b0224f467f74d55424b4235,4349d17c2c020f08d09713ae2418b119,unavailable,89.63,15696.274490000002
3c8702d3b056de079d6cdd6ee1ffeb55,573eb2d54aa19396d7e2ebd1ec460726,unavailable,24.34,4262.493820000001
6900ba78f72feb30643f7c2e2ebb3aa1,7a025a70305eeb3f28d6f279b2312f57,unavailable,4.35,761.7850500000001
cf52c3631e531c83e5f92681b933a521,6835e02d97713eb97e57bbed91d829a7,unavailable,535.05,93699.56115000001
1a47da1d66c70489c8e35fe2b5433ab7,3d8e326c3cef3a9bba7ca121baac5fc3,unavailable,270.75,47414.55225000001
208edba34ba9cf8d8f603672e1966b75,41b48c909c686ce16083f7912ba43196,unavailable,127.92,22401.734160000004
fbd87e9a66a24294c9f8deb5efca45a1,99677fae923e41228f37e3ff7306db4c,unavailable,42.84,7502.269320000001
d859b40b1d9bb3cdd347358688bc3272,d20b7041712591ed7c9f118b95400b0d,unavailable,95.76,16769.778480000004
2411e5019928e883d049f7242362c23b,92ac70cce9e5ac1bb34996610d9564a4,unavailable,22.38,3919.2527400000004
6338011716bfe53b960847be47479662,74671791c2cc61942ae043b7da20b07c,unavailable,61.19,10715.776370000001
d8716a985f69a46751cc046b0fea0d98,fb89de9d98c3cde010eaf1a31a5f7fd3,unavailable,87.08,15249.710840000002
801bda1bc87e8484430a1ad75f51f128,3f0bb4c1fae52dfe92ff27372d2b0d67,unavailable,192.63,33733.943490000005
9eb45b0aa6ff6baf71a20c68414f8089,86ebcb053082767a38cca1338ea45084,unavailable,250.0,43780.75000000001
19bb130ea3cc2dab25b3bcf2097aa462,50ca8ddb57748311869736678c8dde1e,unavailable,358.94,62858.649620000004
940018724d5c0c1847f642dc1d8d0ea2,f0c28fc86c8f71812a74ea225c8fda1c,unavailable,454.31,79560.13013
3cd41dc7c9fceb7de4fb0e9983a4b1ed,f8d5adc32955a3f8c92b0343deebad7f,unavailable,208.8,36565.682400000005
842784b3b697f1dbb51781a20352709a,619718b8cfa49a9a4a47287d7344bd1a,unavailable,70.67,12375.942410000001
dc69158eb223d2e98bbaaba4c9f81c87,598e7fb8c2d8ba0f3a6a8609cf321111,unavailable,231.26,40498.94498
037a9cf279c376ab222c9d27be892513,6f113a5510dd5bffba3fc6b0dd006de2,unavailable,481.22,84272.69006000001
19bf02099b31db3f2f5d1bfb4fbf49c4,ad3aae554288c46c86360f95b3dc79aa,unavailable,111.0,19438.653000000002
f0df036e9be21fc238f131bbfcdde769,1fa16395beca89233661543954ca6cf1,unavailable,59.74,10461.848020000001
2fd1c83dd4714cf3cf796fffb6c8de62,7f51c513004ef3f35e834c142f286778,unavailable,192.19,33656.889370000004
4493ce8729200aed0eca9d3ae8bcc57c,fdb7c8642c7871242f295fde2b25bad6,unavailable,192.77,33758.46071000001
d69fcef5a5fe3a3db60ea65c6ee499cc,ff0340330283c0d05ea7281e67fa2e76,unavailable,69.38,12150.03374
aaf3ed5d59c660ed5b94eb2dd4103ea0,3d393485f0289ad62f44ec59560a39e8,unavailable,100.0,17512.300000000003
cf52c3631e531c83e5f92681b933a521,6835e02d97713eb97e57bbed91d829a7,unavailable,186.66,32688.45918
f747f82cd6f4094876b1df81c7a50145,0f5d8af8e5807e8994a2c60d4b6b15a6,unavailable,35.9,6286.9157000000005
0b398dbb3e7c81005f3c69b01488c4c9,d5a8b5d8ed21f5234e1278a477e751a9,unavailable,15.76,2759.9384800000003
8ae36ddb0c9660dabf5341488efb2a30,758e7d0e5f61d4150e1a47079f601a29,unavailable,282.3,49437.22290000001
48f2d0b950703bfb145b7c3c0641b4bb,ce68dcdb0fbc1b4172d23c2427cc635e,unavailable,7.07,1238.1196100000002
2de47e473306065fb0cd0322d8d9952b,fcba0880d404156b4c9d6361b68f16af,unavailable,71.04,12440.737920000003
ddb580e0827e6b997875e7b5612b8093,dae88014152d7b4f68f7faf14e63b8f1,unavailable,48.75,8537.24625
6178d892fe5eef77fb756aed59b758bd,4d4200b96b8a9f6d9c8dabbc0e47e028,unavailable,41.75,7311.385250000001
ae443cb420061bab1f2c5e3ad279fde8,3d59638a168c209ccb33a27424fc06da,unavailable,132.37,23181.031510000004
6a91f55a2fad58d1b580326cd07f5795,ca970e8045a80d7bfb9b994b321439f8,unavailable,35.0,6129.305
49c5132b03e35ffa18fdca050d1f8e33,822331095c3e3d597632c846113e27d3,unavailable,108.2,18948.308600000004
e444dbf63e18f98c43c81f5ccc7ef8a0,267d85c043aaf0dfbf9b0211546e7a0f,unavailable,25.2,4413.0996000000005
9cb560230b18aed833770219fd165e16,4a12498b256c30e2e59cf2ae246222b7,unavailable,82.5,14447.647500000001
ccac33950ffc27cb905dbcdfb099494a,001574cd5824c0b1ea90dd4f4ba6d5b8,unavailable,184.94,32387.247620000002
4a0d049ee6c82b3348a21bb211c0a44d,4bdf8269eff0f30a5f8c14e9df179854,unavailable,67.88,11887.349240000001
3c3ca08854ca922fe8e9cedfd6841c8a,88c36fbd3df96094f90f0315e1d2dd90,unavailable,45.96,8048.653080000001
151e44f3dd461fe0838b6f59f884749f,4874fe3c17665962a71cdcdf3f9cd9a0,unavailable,93.3,16338.975900000001
834550696228970ef03d30419db216e1,3dfd82e8fc35846baa2c0e66da1d9ce1,unavailable,116.94,20478.88362
29557adf1f00504612cbebf82c843d77,e5aed707ee7e99bcc46d19ccb4921bd4,unavailable,115.36,20202.189280000002
1762aa0ce22469c003348a42e46f5269,68b7ace943722094081442259c9b3f2e,unavailable,118.54,20759.080420000002
cd80f267aabc7357c2caaa8848e1cd3c,a19cfe9d36bd6c3ad4e4cee2d165d366,unavailable,152.31,26672.984130000004
6900ba78f72feb30643f7c2e2ebb3aa1,7a025a70305eeb3f28d6f279b2312f57,unavailable,24.51,4292.264730000001
37af1b25e7710f09d122aaf3f8b68114,f3b4b3f2136722924a0916a930b2081e,unavailable,204.0,35725.092000000004
18c528b07b50f67122420d4b645dc84c,eb1df600a5bb309af1609d1fdad074ef,unavailable,667.9,116964.6517
5bd5f0a2e24b51f1d1d6e855f9f03e3d,41adeff6ad4868b175f8bc77e2f9d29e,unavailable,141.53,24785.158190000002
996316cf1b7d0bf4a95a9b5f81d7f22a,6db0a04691d445170c02d01966e8b083,unavailable,77.23,13524.749290000002
03227bf7c543bbee4efa38bb6c6763c8,416d631088217221eb0b4c18b9b8992f,unavailable,248.8,43570.6024
d05d7ff2f99a1360d7a4e4c902eee05f,27f7a152c4868999493176dee4cfee4d,unavailable,734.06,128550.78938
a8ebe927b1b85cc950bba001cac770f7,5dfc4ad0a5d369a091d3f7f011ff8cad,unavailable,101.73,17815.262790000004
4b460251c3d2ba44dd61b0b6c3410ac6,7ceb6bd264a93011d92f29004d2fa854,unavailable,1400.0,245172.20000000004
5fabc81b6322c8443648e1b21a6fef21,32c9df889d41b0ee8309a5efb6855dcb,unavailable,133.97,23461.228310000002
50bb0c134ee3365dd06e13da6cda15fe,95cf2f1f5ef26bb509b276c5f7037646,unavailable,234.43,41054.084890000006
7622da48f027d5659a0d7b0a43597354,b73059b796c2abebd783eb6af533b1a2,unavailable,16.97,2971.8373100000003
a112ffd9157da040b7951b8bb6bb2fba,f199293a1cd17c4e0c71a13f02a34a7c,unavailable,165.21,28932.070830000004
dd6eb2d6d50c1539804511adb0e4fa41,ad8939b7dfebf1e59e4145ed73bb0e33,unavailable,31.75,5560.155250000001
02bfe71c2bbd56f6de9c2c357adff45c,6993a774e7e22bbbf14659e8c03da133,unavailable,137.32,24047.89036
7e6bd960caf2346257183fd4b6079a65,2ca5e9f17a80f9515da7fa967af7444e,unavailable,253.8,44446.21740000001
6c15888cd708d4c1487eb36753212d69,250625a5b2e001bf9876418c919f4a21,unavailable,42.03,7360.419690000001
0b398dbb3e7c81005f3c69b01488c4c9,d5a8b5d8ed21f5234e1278a477e751a9,unavailable,11.15,1952.6214500000003
bbdef4b5ecad947f721ab789db1dd57f,e4021257f141caca88c5cc080773eda3,unavailable,128.8,22555.842400000005
55f1a7153e4d67447465073ad9490f04,b259aacf66c74aaeb0d7c585e1a35be4,unavailable,1354.8,237256.6404
1c851b2d3587fe02888b58c64fbc1ab0,1e5e274f5f75c09122b857147166f53f,unavailable,33.11,5798.32253
8e1e331cb2701fc82849ab614e8ff240,60fec73af0d1a1591b8e5b15341d72c7,unavailable,179.35,31408.310050000004
7ecb6c38b166531663fdecce49dc1a6f,288f90dc3b55afaff2904553fa5cbfe0,unavailable,1528.99,267761.31577000004
b6777988359768bf8f2390aa6d072be4,89be8c52816ae302e2651016521de879,unavailable,69.46,12164.04358
93942353ebd22541194b59e590c0d7de,849bdfd6f3313ffa83d9b0b2981331cb,unavailable,83.11,14554.472530000001
ab46182a322cb6dc83f4138d4e5cd73f,77a176bb787329aa60cd56aba502da46,unavailable,46.78,8192.25394
ed1acc924e85e293849485a9d5dc3498,64b4f796f321357d2ce61f511da7f73a,unavailable,86.15,15086.846450000003
b465e6231fb8411e534acc602cff4adb,5aeae82b1542678ba10c99ca292896cf,unavailable,2125.19,372169.64837000007
df2f177b04bac67798590bc71213dcc2,fbf0bdb831c80d46f0001ecaecd18ca6,unavailable,248.94,43595.119620000005
9b932dca249f9971b86dde2f2d7ad412,882b44646ab3f186597b1622a9443ff9,unavailable,66.42,11631.669660000001
fddbd183387b5c9bcbafbd0fe965301f,bade46d49478a63c01dca6a9ae49dfa9,unavailable,40.0,7004.920000000001
798738fb83403d78d10892ac46cf8065,ca860cef411f1bc07c2e4a2b19fdfd4d,unavailable,112.8,19753.8744
bac8ca7a0aea7f37457fb19140d2c5fb,fdfbe88380f4eec04babf18396a62e6a,unavailable,612.59,107278.59857000002
f0f94b7c7548150f33f5d9e7597d396f,cb5a3d3dea83e4200af551141613ddab,unavailable,148.95,26084.57085
d9f0325894bf21440caaed1e42006eaa,2a152f19b9ffb8d4241d66126b6f3bb3,unavailable,61.19,10715.776370000001
69c49491c1300f416d32e8bedc9f8907,1223d05f13c9da072919d40915747b8d,unavailable,97.79,17125.27817
30cdf125a8d4f89d00dee4b9af9194ee,91923b65b54ca037b3bb73ea40de36dd,unavailable,76.86,13459.953780000002
8347204e1ae41b2ad30899fa41a0a889,67e68659e454ee97821ddb96f4b91c11,unavailable,92.43,16186.618890000003
27b7289530871ba2c68509ec562b1544,101306fbb5ef564098ffe05962761727,unavailable,86.78,15197.173940000002
c038b4c610ae79ae8e3d191f7293fbae,f678799cf04c0c8c731552419b6a03cb,unavailable,240.99,42202.89177000001
0990477f1481cdf40c00d57bb13a1c9b,09cef74048128ea86d84ab0b84a517aa,unavailable,142.71,24991.803330000002
0da43144c61f413957a7e7c8b2555dad,159f001ca3b331fd9854b3260cd1cd52,unavailable,59.11,10351.520530000002
ea3a810bd6c5d5c071b28fcb8e39b9e7,6c2aa8d949db31e2edfe991f4312f739,unavailable,158.3,27721.970900000004
a37c3175caa4465852b788987ca46d1a,945e442b24bb3055f553e6a95a53a7e8,unavailable,217.93,38164.55539000001
b9fffd14dc2869d69f441ff3c8f34bab,ef9b40908237d483aab345ed6b7a977c,unavailable,98.9,17319.6647
e58fb7bfd033514475ab0883ded704f4,3644d5df1c9855d164c277d91bf4a7f4,unavailable,18.37,3217.0095100000003
d8b293a9c747dbce4a60f6c0bca37dd7,90830dbb673d83c46f791a44b9a0c838,unavailable,82.78,14496.681940000002
2d57932a94a64e0729ec5b88b4860d0d,18ee349e6fe0fa105ac44232ac1f4d06,unavailable,68.23,11948.642290000002
c60a44d6c46309c86882ffce00a0b412,6cbea8a57483ec9eefcffbf5241657ee,unavailable,192.96,33791.73408
3c3df3dd2afaabb39a53131f9ce98116,e943fd415548e057fd54798f8c6b49fb,unavailable,463.9,81239.5597
6d9bd9b4caa7d961a6d31427ad0e557e,9e20ebbaa01f591ef3b9bc4018100d70,unavailable,69.46,12164.04358
5ca9d935dd5306bf85a2f1e263d058f1,f0f1d8de8ddaad572cef4b07bdf94d6d,unavailable,216.05,37835.32415000001
607c1c3f926d9435d428d7aa7d52a1ed,905bd3fd513ac50ea6c8fa9dbedb9ca1,unavailable,847.3,148381.71790000002
0b398dbb3e7c81005f3c69b01488c4c9,d5a8b5d8ed21f5234e1278a477e751a9,unavailable,14.63,2562.0494900000003
31c672e3859d5d55d460ea8dbc39053d,c0fa053afcb588fce87ade5024cada7a,unavailable,34.37,6018.977510000001
00daac8efd71674d62356c2a306d1e4c,2b99e152f2351410951c503a2f6a2d7e,unavailable,67.97,11903.110310000002
0e6b2d0fe443a6d38c0f6447f4eb2262,35bfa7ce75679810efa7d433811c6945,unavailable,108.6,19018.3578
7d576f29bdf44b7857414baff1c788b1,717be95b354f9e952da717a5f715580c,unavailable,134.58,23568.053340000006
6c4e764954bc530adac8b0842d8f1647,dc480a485063e5b8e37bb77ed070514c,unavailable,27.01,4730.072230000001
abc371fa4448846ac98855c256ab235f,2ae960d0b2a92913f76520f59d0749b4,unavailable,112.08,19627.78584
52b7f26dd95604cb836ba17f96a6b056,c0cdc356a67598956b73ccce36edc86f,unavailable,38.01,6656.425230000001
52f308ce830731bfdfea4539e140073f,8a86b00cbfc4091cc8b0b1fd597b9a53,unavailable,465.18,81463.71714000001
e66e29f65af321ea428495d66066e809,8ae73c8406c2ceae63c5b85c71799366,unavailable,324.01,56741.60323000001
534a0fbe91a806a1dc6bf09b497e3d6f,d17ae8582d302dbd41b87e5028e8c0e2,unavailable,158.3,27721.970900000004
2429083883078c31cf2337ce0dd425ee,5aa462ca54e8b4d65747f7987eb80e25,unavailable,121.9,21347.493700000003
f88685f89f0fc651c3e767c64a23192c,ee07f0974feb4a672378f9d64be40dca,unavailable,123.9,21697.739700000002
0cafd6a7576a6aae0f891008a87f1546,c758396a502648cb2e77ef06e0807a00,unavailable,31.12,5449.827760000001
ba43195b0f997630dab0e5b6dae0a6ab,d4ebaccdb4593f7460e7936aca80db92,unavailable,59.0,10332.257000000001
2559552ea70a7caa245eca67f410a3f4,ebe02b455bc2f5f8828a89d8bd96cded,unavailable,38.68,6773.757640000001
12e5a909c18964acada1ce9a760d9afe,bb70ba0acc9ac14d6ba0356f598f4bb0,unavailable,1620.77,283834.10471000004
efa3e0b795c3871ff5413d163cc9d6f0,d172c15ea2aca0b2d65e01a631df3d1a,unavailable,145.06,25403.342380000002
31f935babbc97f5990e0ffd128e19541,6e067aaac313f893bd40273d8d75027f,unavailable,74.7,13081.688100000001
b91dd40b68675f4dc29339562895ca26,65d0d3b9b3fa9f109802465c10bdff6a,unavailable,42.9,7512.7767
5f2dbe00a1732133a6809ae1af554123,f7b1d4b064c31b564fd39ad8bcb7cbdc,unavailable,227.04,39759.92592
eb2dc067ee1a4eac77e2d045f01cf7f0,78101fe486eab484a8d65d53b69f4b09,unavailable,161.0,28194.803000000004
47bd649b812fd8ecc28320c466974088,cb617abe19badb2696a3615bfb355545,unavailable,82.97,14529.955310000001
9f24a452d2f08d94503f8755cc845362,825803c33fe215e80ac490cc7ea55813,unavailable,188.38,32989.67074
20ff9b4b339b20ef47cfcda736a17a52,96dfa7d4d4ac5b821ac90b04f7832ce6,unavailable,210.15,36802.098450000005
30a3bac324f40459c6d1a739bc811506,a60a9da6cce214757a5bbf389df1c45b,unavailable,117.93,20652.255390000002
cb903ba48840fca21bc4c8a7382b4960,01d5f4b8ad0b26863ed1d231a7e067e9,unavailable,97.79,17125.27817
0667c8670e40ad2783c71d45ceb361e0,2d0fe5ffb462d2ee79285cb1d75e8fbf,unavailable,31.69,5549.647870000001
af6a9f579c74afeefcd5f32733c11a32,8d8784f0134f4d714e28bc36cb5a5101,unavailable,33.88,5933.167240000001
d7198cce0076c5cefda313c12776334c,b79e6558152f302d0b22d5cabc983814,unavailable,158.13,27692.19999
8d7e1e66103b85e9ab12cb65dafdf0e3,0a317dd750be47fc13457956d0a4d0b1,unavailable,187.47,32830.30881
9be3c9722389548409bf4cb39d07e347,259a69df1ae08bfa31e849741233d520,unavailable,46.75,8187.000250000001
3b090f7fe6e2cf01b468a154dc9c546a,f216b1b065c06506b3e95e6681d4522a,unavailable,43.58,7631.86034
742b5d98b8903f6f6a0af740ddd60f2c,6363e2618ebebe92ac570fa7e9fdf82f,unavailable,30.81,5395.53963
a2dd87f10cd0b3cdb73c6ba52e333250,21c0c4d41202817c20b246e5a5070ac4,unavailable,64.1,11225.3843
607cf95d7f8a8c1590f421fecdf0d95c,b1f66681b5134dc6670fc734a832e94c,unavailable,137.08,24005.860840000005
0e64b89242bbb62b8ea29c57fc8073fb,8383f6013f8c865be8aa873dce7f43a1,unavailable,166.99,29243.789770000003
a0c1632c3bd45c48bed924a7dae3a664,e3030cf0f2814a231fa06eb6d82154f3,unavailable,84.14,14734.849220000002
3a0b1b5c52367a68f9deab55f3464a14,35162935be1761d5f1fe05a66870794e,unavailable,86.14,15085.095220000001
a7e225997eea4fd0df0db35b52bd9d0e,70a1077e0c545d3c5a7321f7e047a935,unavailable,115.35,20200.43805
0b398dbb3e7c81005f3c69b01488c4c9,d5a8b5d8ed21f5234e1278a477e751a9,unavailable,4.74,830.0830200000001
73d6d096aaef87398a0321fc1acc5a54,444268cbb72dc57d82ba85089e29a93a,unavailable,61.19,10715.776370000001
a0e71b06151dd529dd0d71f578cd3457,d1852c771f218173ebde6d0fa31af036,unavailable,598.01,104725.30523000001
ff71fa43cf5b726cd4a5763c7d819a35,14217d5d9e2e67faaae493aa0a181d4c,unavailable,81.89,14340.822470000001
736dca37c6d52d16556556bdd7d208ff,cbb02f3bc8481f06cacb94dcde253af5,unavailable,112.14,19638.293220000003
68664ce4c84bcf1e6682d90992c7504d,fdce8fd151f9263bb677e873409843dc,unavailable,245.66,43020.71618
48f2d0b950703bfb145b7c3c0641b4bb,ce68dcdb0fbc1b4172d23c2427cc635e,unavailable,8.9,1558.5947000000003
c8de7faa920cdcbe41252449a3fd36c0,8f5777a90b7294397d8f7c2c8e95157a,unavailable,170.48,29854.96904
ebb921d271b8b17989e08220637b921f,9ad3cb19919815536d4ae2c46d69279c,unavailable,172.1,30138.6683
f434066a90c729686966ab151fa4c7ec,17c3c21b444bea4f4893c57978ecf186,unavailable,55.6,9736.838800000001
eb278cfbeefc0a9180876153de58d693,e6b1fd31d830155d9a333978e90dd976,unavailable,95.32,16692.72436
adba6d04acdb64b6df4751a0e639dfd9,aae8a8be7d213183eead54d3fb27b04b,unavailable,279.18,48890.839140000004
845f40bea2ead3894b6d95b621e108c0,9e3eaa4b238d6102e6e49c919187e222,unavailable,80.33,14067.63059
b2673ed6360dc341a4728dbd632f935b,acd30e8ac809a440f8a10918d0683a17,unavailable,28.13,4926.20999
8b564962527dd053cfc85c8fc98ad1df,7a9f83795de1c16c6be36870eccd9b10,unavailable,58.11,10176.39753
4bd0d8aa4756f78245bd56015d4ddcc0,a66d945b437e7e8dab012f6172a5beb3,unavailable,36.83,6449.78009
94aa3ae1cb5c1c152c6cc757b68bb659,e117eacf032d0011156eea7df55e6b2c,unavailable,54.69,9577.47687
779078ac80552fa400b11c285d16e4fa,f583831c572cc8569de2841fd281fd2b,unavailable,293.4,51381.0882
4a5cf649e3eb500fc079aace5f03583e,128433c9283a98b6eddefd309edc7e00,unavailable,166.68,29189.501640000006
ee11405a850edd187af2fb6e1771bcdb,7b1ee2639b161a86290418176e607153,unavailable,157.94,27658.926620000002
33d8795f04dd631f3480d7aaf90da3dc,b11ea459107d514dd45bce81c0ab4e74,unavailable,59.69,10453.09187
62492d216bd7ca39cab1f24109b6bfd7,0eeef532854817bddb1fe6fea6c20b6b,unavailable,215.94,37816.060620000004
9192399976bb077688f5cf72fc8ab37b,9a90f5526fa4d6d2304a33e69d3731fe,unavailable,88.55,15507.141650000001
4af4d191d7e83818829a9af9ea7fcdfc,0adc3e20e5189e89caeceafdbcb0646e,unavailable,88.02,15414.32646
d6bf93d827293f0b9a1582be0719a1e3,d4efc1f03bf9506b5b8571e78a4cd370,unavailable,63.53,11125.564190000001
2463e85fc460252cacb332c69099f298,f6132655cb97ab93f1c8ace4528520a1,unavailable,80.19,14043.113370000001
33c4ff80921c70a563083f3e317f7247,bdbf80547c6689634a5ce426374c9f72,unavailable,84.23,14750.610290000002
ceb533871105f7cda81fafc19e1ee38e,f86da6175d72ff2d6a9de63342e1d303,unavailable,18.37,3217.0095100000003
72fa449394ed9dc9093819f93ca563af,186fb45d0f4c178da2ccac34abfa5ec6,unavailable,138.92,24328.08716
cb4a79c1e6c9ae44302861e7602cc449,536f46cc0f2f2b1e40d056f7998f0254,unavailable,66.02,11561.62046
0cb3c0cb279f04b99a10ac141fa8586f,dc89e323825a3ce463ee55c80e2288bb,unavailable,245.27,42952.41821
fd01599ab4ac4b1c1f5a5d16a7871d72,ca5004c4b586150e829d092c536c0d83,unavailable,56.01,9808.63923
e28fb6cbf050a8cde2b9af4ae94f3241,88bff74a663c907ffa8fba47dc1cdf28,unavailable,799.23,139963.55529000002
6d928ae5792f61a71bb3e3e528bf4a28,d9d61633a0d9de07e5224885bbae0c7a,unavailable,510.99,89486.10177000001
b6d6730512437da0a234e99ea7885212,a5569eafa093045938b448b5f802032d,unavailable,145.64,25504.91372
294bc47f2c556ebbec32a74c4811efd5,4bd474d81a0e7b62ee85040e4bb4035d,unavailable,53.0,9281.519
b7c0d5af4a5a6374adedc4dd9ab21923,4956cfa41268f0de55f989555c81ddde,unavailable,32.68,5723.01964
1c2c24a58f6335fa1dbda79cf2ebff74,e1c2ebbc896c6fa0272673149107e327,unavailable,62.78,10994.221940000001
075cc7ce268544c780299db653d21467,4803684a58eb452daa4190b0e1aff8fe,unavailable,175.16,30674.544680000003
0b398dbb3e7c81005f3c69b01488c4c9,d5a8b5d8ed21f5234e1278a477e751a9,unavailable,11.66,2041.9341800000002
5034308872e3b0e7c30ab14859feef53,b4bade0909a2956cbeef036f6fd7b95e,unavailable,143.22,25081.116060000004
54b267f79786d7ac585ab0aac88d6da6,94873ba8c3246266e41b6f9bd3bc1cca,unavailable,89.87,15738.304010000002
1768e7971ac449abce2917f608c8a69f,989b74c3570c64316628830fe692dc3a,unavailable,148.98,26089.82454
f87f3a5e91df877dc36b65fb69ff2465,c13b88bfce55305a9240404088bd6a46,unavailable,52.73,9234.23579
aeef968fdf13e92d3b80306d114ed681,f4057fb491fa03913c1affbf370cf24f,unavailable,123.27,21587.412210000002
c94821db10df06a6d17a8054d3a0b919,7fea47e002bbb5ec01948f7622d4630a,unavailable,717.11,125582.45453000002
04770bff63a120fbf0eea1f62b84f8f0,830ed363f26a7624bd458c1931d348ea,unavailable,74.83,13104.454090000001
61a86f238895780d1ddc6344985537ef,cc7312be4b88561a34750c50e3cd4ff2,unavailable,53.1,9299.0313
1c7c8ab324927f5b6e52338bd110bef4,95b1767df51d6fa09402267d8de314df,unavailable,110.09,19279.291070000003
02de1e44936e56ddc1621c46d86bf91e,c4c369211d1aaab90c8e097f6939dda2,unavailable,268.74,47062.55502000001
30945faa37e8264ea2815f7bf799adf0,8e088f86db422c6032a26ee8ba1ef0e3,unavailable,153.21,26830.594830000005
c2ccb6c2af36d8492e83ecf528f2755c,07a4bb60f62e5ce83b63a08f0cd050bc,unavailable,91.56,16034.261880000002
61bc37c42c68767e75243b8c2061f5aa,b3beef70f17ed56c0f98f810e411d87b,unavailable,111.8,19578.7514
e9b878264e94e17134221e4e9afd378b,47062495a6dd8f01a38c445282e7a30a,unavailable,106.58,18664.609340000003
1e4dc51447faa970879bb120932eebb6,62713a902fd08c5ef31f5f108e95a168,unavailable,24.52,4294.015960000001
a536059a071793ef05e7e63cbac9d50e,fc475d3aba4d37f81edce933ce07ed1b,unavailable,248.8,43570.6024
55aa287c6ca17e8c3262b9ef1e12fac6,a75995b94cb29447b37cf28ba33f36a7,unavailable,759.25,132962.13775000002
3f2467ae6b5a92494a59e95de0d79ba8,83b048e87ab6bc8d7f04a7bd976d9c31,unavailable,28.46,4984.000580000001
4b460251c3d2ba44dd61b0b6c3410ac6,7ceb6bd264a93011d92f29004d2fa854,unavailable,231.94,40618.028620000005
dc5287133fa7ba014e8083e381bf8270,4516041f4a9ae2a667008481d466cbe6,unavailable,92.87,16263.673010000002
ccb48770165d34335e1d156d6d2c6ec7,4b51c20a256e426ffa5fdf3471d20cfe,unavailable,82.73,14487.925790000003
3bb3f7783f2e72ad6c1baacfdc807994,363491bac85cfd440eacdf521ac9bb2b,unavailable,70.92,12419.723160000001
3257d333ee8b3f21786b6270940d1fd4,cd8aebe5962e539f7dd48e3587e3cd77,unavailable,171.85,30094.887550000003
f0eadb6ba0382197c2f94afe7d95e60e,0dd5d941a331650044ad8eb21a441fc2,unavailable,32.0,5603.936000000001
f3988a6f6afe000b1617ab4429c5396c,413222dcd7d8078653a8eaa81ba8d96b,unavailable,249.14,43630.14422
46f36d95da75ced0462d57df904d36d0,06c629d842cb8236fceea0a9e90ccd1a,unavailable,34.51,6043.49473
aed5fd4c4ada58504679761465a6486e,fb5adcc8d11e1000f05d9e6b683a0700,unavailable,57.05,9990.76715
9231cd28d094660487390045fec25a3b,f9a9e4658d1e1805f6f7fa0db82be533,unavailable,57.53,10074.826190000002
8c8527960c6b98fe66936cff2603d394,7b7e1565386ae5a382118296494338ab,unavailable,58.78,10293.729940000001
a2bcbea8668a0d93334cf7f7fafe921d,1d07a5e66ea2c0bb74e2523526326ba3,unavailable,93.3,16338.975900000001
298b961b82fd30c53433ae821ba75aa9,3e4718dc40018dfaf06f5cf2638cff1d,unavailable,121.86,21340.488780000003
dd8532619e81337caf4ddc77fb34d981,4c82b862da252196bc8936f210aadc8b,unavailable,43.1,7547.801300000001
b842e9225252d13f6af62ff4508d7c43,d9a4b5aa53433b592bdea6b33f44a8e8,unavailable,102.82,18006.14686
e40d0c72305e1f0be6925df1e4378221,09cb79df62a7ca61507fca903adfe410,unavailable,665.62,116565.37126000001
b93ffbad842670470ec41f35a317ee65,65a2a252eedd717594ec0e8b052ccd35,unavailable,83.11,14554.472530000001
fcdcf0cd9b77731f38b0c97a27038042,0d4ed3c9d48b373888a0eb3fc96b77d9,unavailable,28.17,4933.214910000001
31b91033dcb0502e616f40ced16dccc6,72ec1bb6ed4621056c6774c4c385640b,unavailable,169.38,29662.333740000002
f8303e6eff198d1749d04649a1eb2bb6,4569e86ad4faba51cadc49ea1657ac3a,unavailable,62.76,10990.719480000002
00a500bc03bc4ec968e574c2553bed4b,3d2f26eab3f79dd1fe9977f615e70c2f,unavailable,555.99,97366.63677000001
0a6b7c79b8c67dedc51f2dea7b4e1e59,929e8b8500b8ccb7bfa2b1acf29a9459,unavailable,230.5,40365.851500000004
31a1a43e09fe1f26cdcb077099cadf82,b6bdcb76ab8bf3b240c3db7974b0656e,unavailable,78.9,13817.204700000002
85a22eb264ad44ff56c4955a66876fed,df45454de710054424258d3bc3f2ff63,unavailable,68.46,11988.92058
c12c13ee9d5307f765798632ef70d689,bb83e03f2c15b980db3aec282cf53cb6,unavailable,97.34,17046.472820000003
4ffd41fadb59bd398d869be78f1b2be3,cb3f24783eb4c4a37cfd6e35b41f3e4c,unavailable,789.55,138268.36465
0cfc5b8b63bf71f738f96e68adb96b3d,f9627108e19721bd9781efd9f559abf0,unavailable,246.19,43113.531370000004
fdcca0e15a4d03e3fb89fb14664a3744,58ee086556a160d66dc3f6d43b4efcc3,unavailable,29.59,5181.88957
9a209e12ca9ee385ad1ce1510ecfd6fc,1e4d36637a15225a983ee62a35fe577a,unavailable,32.29,5654.721670000001
98fe01bc254b759c1f2c11d77c2891d5,30f3b26a06e5a67682305298f83e6be3,unavailable,49.06,8591.534380000001
16b8c07980cc1e47a31ebb35d9222807,d4c730f60fa6479e35ab867cdd3c8a9b,unavailable,580.07,101583.59861000002
402e0a2ad64d2f2b8f0d06d436789aca,84c6bfb65cffd4c4fbaabe31622495f5,unavailable,317.88,55668.09924
c186f4babae2b9ffa3ecc0176980acdf,e052a735fc6427b480edfe564268e3e6,unavailable,155.73,27271.90479
fa5dc4c3b8326a0da88dc49b20e0ed27,6311060a7264023c715502f1608b1147,unavailable,190.48,33357.42904
cbce204b327a87445b6e6c28e0c5bfb3,f4c160bdd6f4515d604bfe77dfdefb04,unavailable,33.68,5898.142640000001
fc55691eabf7bd6d38e8d49b4cdd8629,03a7ec15e921e602f51a834e5be50b4f,unavailable,92.78,16247.911940000002
259fe605870f08ddf83ebb61f204b9e1,0a7dbfcfdf274bc1e1965b91489ba2f9,unavailable,52.59,9209.71857
95e6053477d7169c64e6a34a3e329cb7,6dfe81f46e43ef19ff6eccfa55ceba6e,unavailable,862.41,151027.82643000002
0f3b2951a363f6a201ad23e3ce2c0313,ca5cc0d19a459e9c7b6f2e781c98a190,unavailable,90.26,15806.601980000003
59798edc300f7563a9bdf18b2740def9,be1abfd06882c0ee1d45b976da59a494,unavailable,14.07,2463.9806100000005
db62e0a0d6c8476c079bda2174228551,0e0358ab8881973f3783b6c5a134a034,unavailable,25.29,4428.86067
4317fe882d992cda2fb3d51baeb2751c,fe3a61bdb29c2b230185ba088ac71486,unavailable,9.49,1661.9172700000001
1c3a814fa046dc2f684276b1ca26786e,008e1bbc8f278134d10d8788a3ca0b7c,unavailable,55.96,9799.883080000001
51bda649419be0084a39cb53e9c6f262,089dc72259b7eb053d3bd3323e2fffb3,unavailable,67.55,11829.55865
553fee3c21ab4328508c8e467806613e,434c715a38dc04eda3d438177d1dd98e,unavailable,148.9,26075.814700000003
1982a20c2a9d116da964e488d59eebe7,f134935ef1c94d9f955a76705011d30b,unavailable,34.37,6018.977510000001
4cccc0d35e7c7a0dc766ad3c4043e33e,75295919398404a05b83a05a22506b41,unavailable,69.07,12095.74561
1ddedd282e921efe5e3e931f5a1369d9,3fa21fe15c2cc64d69005b41de1fee36,unavailable,198.2,34709.378600000004
00bca4adac549020c1273714d04d0208,1541ebabf956d17f3afe883790bd7dd3,unavailable,111.3,19491.1899
b2f39212b22fb44dc0d57cdd6d1790dc,f5c0653d98714d68d23408677cceb628,unavailable,102.03,17867.799690000003
2636c69e57fce1b3a556b70f1acd1192,da1aa56ec12c8b63264ddc800772ce66,unavailable,224.42,39301.10366
6c0c4ed997d520a3b737650e43c8e042,e8c2884e61a7c098543e33fcc3ba4be2,unavailable,43.94,7694.90462
ef32bb24f4e81a29a305e5285c8d3d34,90864878aebf8b7456fc25ac866af6ce,unavailable,224.31,39281.840130000004
4188e271c401875d724b4e9ee6fe7206,19d4a540b496506ab10c97292275e532,unavailable,302.79,53025.49317000001
c12a72f72509bcc1317ee119c5ade35b,fba9df63f86cae646f8d1a1f8c6bb85c,unavailable,163.19,28578.32237
1aba68837cfafa9cc4bba58efee87d4a,88bab0875c657d7167d0080bbb4e794a,unavailable,69.78,12220.082940000002
675b0980a1c53e959dc721b6e608997f,b3e2d25661bc36bf407b8ca0b6087708,unavailable,386.35,67658.77105000001
32b5ca23bd0b8761a4e3c0fb0b4b4418,437b67468f56a09b2d203a6defb68519,unavailable,91.97,16106.062310000001
6d3130927406da969ab807821a93a65d,dc06b273fa5b109f3d49ec7e45665a7f,unavailable,54.96,9624.760080000002
1ce8144d59eef2763c0fbaf8ffd26d31,cffd70efba7f41e519157d935120f41b,unavailable,65.0,11382.995
46c25d5c696b53935b00b3e3fa555d20,b8733d8c52eb81f4ae5ce655728ff6dd,unavailable,109.91,19247.768930000002
08ea65e91550ee222548404d16eb06b4,10991df83f792039271d758081a2aca8,unavailable,50.5,8843.711500000001
e9f308c243d53135de5a481bf3a9cb86,c5278def2d7c1e27ac0a75b3c7ee783d,unavailable,56.78,9943.483940000002
2e287cee637969033ec9ab49602e61ef,bf6418c67d6b29aada7d4a9a0cfb3e09,unavailable,128.0,22415.744000000002
9a7e2fda18922ba60aba4f140aead4dd,84b37eb4e166599b6d40f6a4376589de,unavailable,224.29,39278.33767
5bcdec60d84d4495d0d90b64a3e81804,6c65bbfd7a67ebafd5b8b3b931c75012,unavailable,67.04,11740.245920000003
b302801106ed1f5eb6f08ccdae6fea99,e5de138028f173cb238674e1d76e3df2,unavailable,170.28,29819.944440000003
4a1c879db7056f078a037fdf72b6d0fc,d34411df392e5437e4582b81f9ecb90d,unavailable,325.82,57058.575860000004
19d3484384a0e1eef23357b8c193bd86,2cec9be88ae4cd3cdb1832edf3b7c46b,unavailable,104.35,18274.08505
1fda9a8d1632a5964c43fb8e64dbe3e3,f94da73419386f20952c30afd48c85fb,unavailable,158.9,27827.044700000002
7b862ac7558f536ca1c6f388f21d22d5,a708e353cc61e89923883c30fbb8150b,unavailable,69.73,12211.326790000003
1e9cdb2ee26ee17ecb5f050a180cf8ff,c438793f5bfa6de0ee35371740b40bb5,unavailable,147.48,25827.140040000002
23fdd0e16ad79ceab4e5f407772d64fa,f915ff705480d8952c4e91371c39e95e,unavailable,201.61,35306.548030000005
fb4ea753f638936f56b4df5d03dc07bb,0ccfdd2d2cd158609cae8977fb5327fc,unavailable,70.17,12288.380910000002
7c48bf2308168ce82b8e622eb9dd8627,bf7fb138f49700e3b2909aa550389e35,unavailable,59.11,10351.520530000002
a6d4e95420d65bd5f299dc95d3493e0d,dd0ffd71cbeb719f6bcd05874f344ba3,unavailable,58.28,10206.168440000001
6f04a69509e62866b1837e6a4f22c47f,a20d6adbad4402ec49b426fb65e5700a,unavailable,88.26,15456.355980000002
a3777b94ef07749f031ade4ae824ddb2,65b2d78564e9d776cca877028b764eac,unavailable,117.07,20501.64961
19bbda1f882b3aeddba973e935519905,e874220095cbbc1cca6c70cc3c6ab8b8,unavailable,18.37,3217.0095100000003
9d4369173adc91c56c54ebba6712e732,1ae2023a3f741aedfe78ad5171f0d2bb,unavailable,46.47,8137.965810000001
a229af912d66e534353b1fa59daef44b,8541728bf74c0f7a3277c15c4950a994,unavailable,258.03,45186.98769
97b22dcad89f4916db427544e655d1b2,a746c825432e5eaf2b8eeece33ca54b7,unavailable,339.45,59445.50235
5c4e4e1d3abaee058758731094e9a7cc,2b60fa486873939bde1170b15b8ac6ac,unavailable,230.61,40385.11503000001
93881917b8e0f2bf11eec7abbbfe43ec,5c78528de7bc16285f19af96fce88f02,unavailable,674.7,118155.48810000002
3e7ca74af2e30d9f16183f5c9d65ef85,fdb9a2ae0b1ecf02a74a34e53f41d653,unavailable,101.12,17708.437760000004
64a58e424494f1f8ed5895885b9dfe16,35c4894c0ac3f346ebe6bb4eafe572b7,unavailable,62.23,10897.90429
2636a02ee7de9590df86a4c24b739c49,1fd1e40209824b4d0782d64047b915fb,unavailable,142.09,24883.227070000004
97cf031e8c5bf37a0b310c07800e323a,2bdd94bc59d052d2770bacd6d20d6a9b,unavailable,157.6,27599.384800000003
0010dedd556712d7bb69a19cb7bbd37a,3a92efdb6e6163dc1734d44f2f5f6d04,unavailable,111.12,19459.667760000004
b7fa03eeccba341d5ab0dc86bfb1b08c,38a501b835a42c582bb16868630cba84,unavailable,103.05,18046.425150000003
fc20b8e282da6f3fbcdd3a3cedecb723,58acc4e2788bf6fc445fddcce9c1db03,unavailable,3782.19,662348.45937
92fca7ed7b7df4695007bd7f227e3333,f489ef69fc07eee23f1ef2732df1c8f8,unavailable,52.57,9206.216110000001
974f9f87a3bad01b2ac72fe987505e9b,b8bd03cdd075b29c82a9c55e5cd8e224,unavailable,91.18,15967.715140000002
